File Name,Version,Project,License,Comments
com.liferay.adaptive.media.image.impl.jar!metadata-extractor.jar,2.10.0,metadata-extractor,"The Apache Software License, Version 2.0",
com.liferay.adaptive.media.image.impl.jar!xmpcore.jar,5.1.3,XMP Library for Java,The BSD License,
com.liferay.adaptive.media.image.service.jar!jsoup.jar,1.10.2,jsoup Java HTML Parser,The MIT License,
com.liferay.adaptive.media.test.util.jar!jsoup.jar,1.10.2,jsoup Java HTML Parser,The MIT License,
com.liferay.adaptive.media.upload.jar!jsoup.jar,1.10.2,jsoup Java HTML Parser,The MIT License,
com.liferay.alloy.mvc.jar!asm-util.jar,4.1,ASM Utilities,"The Apache Software License, Version 2.0",
com.liferay.alloy.mvc.jar!asm.jar,4.1,ASM Core,"The Apache Software License, Version 2.0",
com.liferay.blogs.service.jar!jericho-html.jar,3.1,Jericho HTML Parser,GNU Lesser General Public License (LGPL),
com.liferay.calendar.api.jar!com.google.ical.jar,20110304,com.google.ical,LGPL 2.1,
com.liferay.calendar.service.jar!backport-util-concurrent.jar,3.1,Backport of JSR 166,Public Domain,
com.liferay.comment.sanitizer.jar!checker-qual.jar,2.5.2,Checker Qual,The MIT License,
com.liferay.comment.sanitizer.jar!error_prone_annotations.jar,2.2.0,error-prone annotations,Apache 2.0,
com.liferay.comment.sanitizer.jar!failureaccess.jar,1.0.1,Guava InternalFutureFailureAccess and InternalFutures,"The Apache Software License, Version 2.0",
com.liferay.comment.sanitizer.jar!guava.jar,27.1-jre,Guava: Google Core Libraries for Java,"The Apache Software License, Version 2.0",
com.liferay.comment.sanitizer.jar!j2objc-annotations.jar,1.1,J2ObjC Annotations,"The Apache Software License, Version 2.0",
com.liferay.comment.sanitizer.jar!listenablefuture.jar,9999.0-empty-to-avoid-conflict-with-guava,Guava ListenableFuture only,"The Apache Software License, Version 2.0",
com.liferay.comment.sanitizer.jar!owasp-java-html-sanitizer.jar,r239,OWASP Java HTML Sanitizer,New BSD License,
com.liferay.commerce.cart.taglib.jar!jackson-annotations.jar,2.9.8,Jackson-annotations,"The Apache Software License, Version 2.0",
com.liferay.commerce.cart.taglib.jar!jackson-core.jar,2.9.8,Jackson-core,"The Apache Software License, Version 2.0",
com.liferay.commerce.cart.taglib.jar!jackson-databind.jar,2.9.9.1,jackson-databind,"The Apache Software License, Version 2.0",
com.liferay.commerce.frontend.impl.jar!jackson-annotations.jar,2.9.8,Jackson-annotations,"The Apache Software License, Version 2.0",
com.liferay.commerce.frontend.impl.jar!jackson-core.jar,2.9.8,Jackson-core,"The Apache Software License, Version 2.0",
com.liferay.commerce.frontend.impl.jar!jackson-databind.jar,2.9.9.1,jackson-databind,"The Apache Software License, Version 2.0",
com.liferay.commerce.payment.method.authorize.net.jar!anet-java-sdk.jar,1.9.9,Authorize.Net Java SDK,SDK License Agreement,
com.liferay.commerce.payment.method.authorize.net.jar!gson.jar,2.8.5,Gson,Apache 2.0,
com.liferay.commerce.payment.method.authorize.net.jar!httpclient.jar,4.5.3,HttpComponents Apache HttpClient,"The Apache Software License, Version 2.0",
com.liferay.commerce.payment.method.authorize.net.jar!httpcore.jar,4.4.6,HttpComponents Apache HttpCore,"The Apache Software License, Version 2.0",
com.liferay.commerce.payment.method.mercanet.jar!commons-lang3.jar,3.8.1,Apache Commons Lang,"Apache License, Version 2.0",
com.liferay.commerce.payment.method.mercanet.jar!httpclient.jar,4.5.3,HttpComponents Apache HttpClient,"The Apache Software License, Version 2.0",
com.liferay.commerce.payment.method.mercanet.jar!httpcore.jar,4.4.6,HttpComponents Apache HttpCore,"The Apache Software License, Version 2.0",
com.liferay.commerce.payment.method.mercanet.jar!jackson-core.jar,2.9.8,Jackson-core,"The Apache Software License, Version 2.0",
com.liferay.commerce.payment.method.mercanet.jar!jackson-databind.jar,2.9.9.1,jackson-databind,"The Apache Software License, Version 2.0",
com.liferay.commerce.payment.method.mercanet.jar!jackson-datatype-jsr310.jar,2.9.8,Jackson datatype: JSR310,"The Apache Software License, Version 2.0",
com.liferay.commerce.payment.method.mercanet.jar!payment-sdk-common.jar,1.0.1,SIPS :: SDK Common,MIT,
com.liferay.commerce.payment.method.paypal.jar!gson.jar,2.2.2,Gson,"The Apache Software License, Version 2.0",
com.liferay.commerce.payment.method.paypal.jar!rest-api-sdk.jar,1.14.0,rest-api-sdk,PayPal SDK License,
com.liferay.commerce.shipping.engine.fedex.jar!com.fedex.ws.jar,1.0.0,com.fedex.ws,LGPL 2.1,
com.liferay.configuration.admin.web.jar!org.apache.felix.fileinstall.jar,3.6.4.LIFERAY-PATCHED-6,Apache Felix File Install,LGPL 2.1,
com.liferay.document.library.document.conversion.jar!juh.jar,2.3.0,"OpenOffice.org ""javaunohelper"" module","GNU Lesser General Public License, Version 2.1",
com.liferay.document.library.document.conversion.jar!jurt.jar,2.3.0,"OpenOffice.org ""jurt"" module","GNU Lesser General Public License, Version 2.1",
com.liferay.document.library.document.conversion.jar!ridl.jar,2.3.0,"OpenOffice.org ""ridljar"" module","GNU Lesser General Public License, Version 2.1",
com.liferay.document.library.document.conversion.jar!unoil.jar,2.3.0,"OpenOffice.org ""unoil"" module","GNU Lesser General Public License, Version 2.1",
com.liferay.document.library.google.docs.jar!org.freemarker.jar,2.3.23.LIFERAY-PATCHED-4,org.freemarker.freemarker,LGPL 2.1,
com.liferay.document.library.repository.cmis.impl.jar!chemistry-opencmis-client-api.jar,0.14.0,OpenCMIS Client API,"Apache License, Version 2.0",
com.liferay.document.library.repository.cmis.impl.jar!chemistry-opencmis-client-bindings.jar,0.14.0,OpenCMIS Client Bindings Implementation,"Apache License, Version 2.0",
com.liferay.document.library.repository.cmis.impl.jar!chemistry-opencmis-client-impl.jar,0.14.0,OpenCMIS Client Implementation,"Apache License, Version 2.0",
com.liferay.document.library.repository.cmis.impl.jar!chemistry-opencmis-commons-api.jar,0.14.0,OpenCMIS Commons API,"Apache License, Version 2.0",
com.liferay.document.library.repository.cmis.impl.jar!chemistry-opencmis-commons-impl.jar,0.14.0,OpenCMIS Commons Implementation,"Apache License, Version 2.0",
com.liferay.document.library.repository.cmis.impl.jar!cxf-api.jar,2.7.11,Apache CXF API,"The Apache Software License, Version 2.0",
com.liferay.document.library.repository.cmis.impl.jar!cxf-rt-bindings-soap.jar,2.7.11,Apache CXF Runtime SOAP Binding,"The Apache Software License, Version 2.0",
com.liferay.document.library.repository.cmis.impl.jar!cxf-rt-bindings-xml.jar,2.7.11,Apache CXF Runtime XML Binding,"The Apache Software License, Version 2.0",
com.liferay.document.library.repository.cmis.impl.jar!cxf-rt-core.jar,2.7.11,Apache CXF Runtime Core,"The Apache Software License, Version 2.0",
com.liferay.document.library.repository.cmis.impl.jar!cxf-rt-databinding-jaxb.jar,2.7.11,Apache CXF Runtime JAXB DataBinding,"The Apache Software License, Version 2.0",
com.liferay.document.library.repository.cmis.impl.jar!cxf-rt-frontend-jaxws.jar,2.7.11,Apache CXF Runtime JAX-WS Frontend,"The Apache Software License, Version 2.0",
com.liferay.document.library.repository.cmis.impl.jar!cxf-rt-frontend-simple.jar,2.7.11,Apache CXF Runtime Simple Frontend,"The Apache Software License, Version 2.0",
com.liferay.document.library.repository.cmis.impl.jar!cxf-rt-transports-http.jar,2.7.11,Apache CXF Runtime HTTP Transport,"The Apache Software License, Version 2.0",
com.liferay.document.library.repository.cmis.impl.jar!cxf-rt-ws-addr.jar,2.7.11,Apache CXF Runtime WS Addressing,"The Apache Software License, Version 2.0",
com.liferay.document.library.repository.cmis.impl.jar!cxf-rt-ws-policy.jar,2.7.11,Apache CXF Runtime WS Policy,"The Apache Software License, Version 2.0",
com.liferay.document.library.repository.cmis.impl.jar!neethi.jar,3.0.3,Apache Neethi,"The Apache Software License, Version 2.0",
com.liferay.document.library.repository.search.jar!lucene-analyzers-common.jar,5.2.1,Lucene Common Analyzers,"The Apache Software License, Version 2.0",
com.liferay.document.library.repository.search.jar!lucene-core.jar,5.2.1,Lucene Core,"The Apache Software License, Version 2.0",
com.liferay.document.library.repository.search.jar!lucene-queries.jar,5.2.1,Lucene Queries,"The Apache Software License, Version 2.0",
com.liferay.document.library.repository.search.jar!lucene-queryparser.jar,5.2.1,Lucene QueryParsers,"The Apache Software License, Version 2.0",
com.liferay.document.library.repository.search.jar!lucene-sandbox.jar,5.2.1,Lucene Sandbox,"The Apache Software License, Version 2.0",
com.liferay.dynamic.data.lists.service.jar!poi.jar,3.15,Apache POI,"The Apache Software License, Version 2.0",
com.liferay.dynamic.data.mapping.data.provider.impl.jar!accessors-smart.jar,1.1,ASM based accessors helper used by json-smart,"The Apache Software License, Version 2.0",
com.liferay.dynamic.data.mapping.data.provider.impl.jar!archaius-core.jar,0.4.1,com.netflix.archaius:archaius-core,"The Apache Software License, Version 2.0",
com.liferay.dynamic.data.mapping.data.provider.impl.jar!asm.jar,5.0.3,ASM Core,"The Apache Software License, Version 2.0",
com.liferay.dynamic.data.mapping.data.provider.impl.jar!commons-configuration.jar,1.8,Commons Configuration,"The Apache Software License, Version 2.0",
com.liferay.dynamic.data.mapping.data.provider.impl.jar!HdrHistogram.jar,2.1.9,HdrHistogram,"Public Domain, per Creative Commons CC0",
com.liferay.dynamic.data.mapping.data.provider.impl.jar!hystrix-core.jar,1.5.11,hystrix-core,"The Apache Software License, Version 2.0",
com.liferay.dynamic.data.mapping.data.provider.impl.jar!jodd-core.jar,3.8.6,Jodd Core,The BSD 2-Clause License,
com.liferay.dynamic.data.mapping.data.provider.impl.jar!jodd-http.jar,3.8.6,Jodd HTTP client,The BSD 2-Clause License,
com.liferay.dynamic.data.mapping.data.provider.impl.jar!json-path.jar,2.2.0,Json Path,"The Apache Software License, Version 2.0",
com.liferay.dynamic.data.mapping.data.provider.impl.jar!json-smart.jar,2.2.1,JSON Small and Fast Parser,"The Apache Software License, Version 2.0",
com.liferay.dynamic.data.mapping.data.provider.impl.jar!rxjava.jar,1.2.0,rxjava,"The Apache Software License, Version 2.0",
com.liferay.dynamic.data.mapping.expression.jar!antlr4-runtime.jar,4.3,ANTLR 4 Runtime,The BSD License,
com.liferay.dynamic.data.mapping.expression.jar!org.abego.treelayout.core.jar,1.0.1,abego TreeLayout Core,"BSD 3-Clause ""New"" or ""Revised"" License (BSD-3-Clause)",
com.liferay.dynamic.data.mapping.form.values.query.jar!antlr4-runtime.jar,4.3,ANTLR 4 Runtime,The BSD License,
com.liferay.dynamic.data.mapping.form.values.query.jar!org.abego.treelayout.core.jar,1.0.1,abego TreeLayout Core,"BSD 3-Clause ""New"" or ""Revised"" License (BSD-3-Clause)",
com.liferay.dynamic.data.mapping.io.jar!poi.jar,3.15,Apache POI,"The Apache Software License, Version 2.0",
com.liferay.fragment.api.jar!jsoup.jar,1.10.2,jsoup Java HTML Parser,The MIT License,
com.liferay.fragment.entry.processor.editable.jar!jsoup.jar,1.10.2,jsoup Java HTML Parser,The MIT License,
com.liferay.fragment.entry.processor.portlet.jar!org.jsoup.jar,1.10.2.LIFERAY-PATCHED-3,org.jsoup,LGPL 2.1,
com.liferay.fragment.impl.jar!jsoup.jar,1.10.2,jsoup Java HTML Parser,The MIT License,
com.liferay.fragment.service.jar!jsoup.jar,1.10.2,jsoup Java HTML Parser,The MIT License,
com.liferay.frontend.css.rtl.servlet.jar!annotations.jar,2.0.3,FindBugs-Annotations,GNU Lesser Public License,
com.liferay.frontend.css.rtl.servlet.jar!ph-commons.jar,6.2.4,ph-commons,Apache 2,
com.liferay.frontend.css.rtl.servlet.jar!ph-css.jar,4.1.0,ph-css,Apache 2,
com.liferay.frontend.css.rtl.servlet.jar!slf4j-api.jar,1.7.10,SLF4J API Module,MIT License,
com.liferay.frontend.js.loader.modules.extender.jar!json.jar,20140107,JSON in Java,The JSON License,
com.liferay.frontend.js.loader.modules.extender.jar!npm-semver.jar,1.0.0,com.github.yuchi#npm-semver;1.0.0,"GNU Lesser General Public License, version 2.1",
com.liferay.frontend.js.minifier.jar!closure-compiler.jar,v20180204,Closure Compiler,"The Apache Software License, Version 2.0",
com.liferay.frontend.js.minifier.jar!yuicompressor.jar,2.4.7,yui compressor,BSD License,
com.liferay.html.preview.processor.image.jar!flying-saucer-core.jar,9.1.7,Flying Saucer Core Renderer,"GNU Lesser General Public License (LGPL), version 2.1 or later",
com.liferay.html.preview.processor.image.jar!jsoup.jar,1.10.2,jsoup Java HTML Parser,The MIT License,
com.liferay.imageio.plugins.jar!common-image.jar,3.3.2,TwelveMonkeys :: Common :: Image,The BSD License,
com.liferay.imageio.plugins.jar!common-io.jar,3.3.2,TwelveMonkeys :: Common :: IO,The BSD License,
com.liferay.imageio.plugins.jar!common-lang.jar,3.3.2,TwelveMonkeys :: Common :: Language support,The BSD License,
com.liferay.imageio.plugins.jar!imageio-bmp.jar,3.3.2,TwelveMonkeys :: ImageIO :: BMP plugin,The BSD License,
com.liferay.imageio.plugins.jar!imageio-core.jar,3.3.2,TwelveMonkeys :: ImageIO :: Core,The BSD License,
com.liferay.imageio.plugins.jar!imageio-hdr.jar,3.3.2,TwelveMonkeys :: ImageIO :: HDR plugin,The BSD License,
com.liferay.imageio.plugins.jar!imageio-icns.jar,3.3.2,TwelveMonkeys :: ImageIO :: ICNS plugin,The BSD License,
com.liferay.imageio.plugins.jar!imageio-iff.jar,3.3.2,TwelveMonkeys :: ImageIO :: IFF plugin,The BSD License,
com.liferay.imageio.plugins.jar!imageio-jpeg.jar,3.3.2,TwelveMonkeys :: ImageIO :: JPEG plugin,The BSD License,
com.liferay.imageio.plugins.jar!imageio-metadata.jar,3.3.2,TwelveMonkeys :: ImageIO :: Metadata,The BSD License,
com.liferay.imageio.plugins.jar!imageio-pcx.jar,3.3.2,TwelveMonkeys :: ImageIO :: PCX plugin,The BSD License,
com.liferay.imageio.plugins.jar!imageio-pict.jar,3.3.2,TwelveMonkeys :: ImageIO :: PICT plugin,The BSD License,
com.liferay.imageio.plugins.jar!imageio-pnm.jar,3.3.2,TwelveMonkeys :: ImageIO :: PNM plugin,The BSD License,
com.liferay.imageio.plugins.jar!imageio-psd.jar,3.3.2,TwelveMonkeys :: ImageIO :: PSD plugin,The BSD License,
com.liferay.imageio.plugins.jar!imageio-sgi.jar,3.3.2,TwelveMonkeys :: ImageIO :: SGI plugin,The BSD License,
com.liferay.imageio.plugins.jar!imageio-tga.jar,3.3.2,TwelveMonkeys :: ImageIO :: TGA plugin,The BSD License,
com.liferay.imageio.plugins.jar!imageio-thumbsdb.jar,3.3.2,TwelveMonkeys :: ImageIO :: Thumbs.db plugin,The BSD License,
com.liferay.imageio.plugins.jar!imageio-tiff.jar,3.3.2,TwelveMonkeys :: ImageIO :: TIFF plugin,The BSD License,
com.liferay.knowledge.base.markdown.converter.impl.jar!asm-analysis.jar,4.1,ASM static code analysis framework,"The Apache Software License, Version 2.0",
com.liferay.knowledge.base.markdown.converter.impl.jar!asm-tree.jar,4.1,ASM Tree class visitor,"The Apache Software License, Version 2.0",
com.liferay.knowledge.base.markdown.converter.impl.jar!asm-util.jar,4.1,ASM Utilities,"The Apache Software License, Version 2.0",
com.liferay.knowledge.base.markdown.converter.impl.jar!asm.jar,4.1,ASM Core,"The Apache Software License, Version 2.0",
com.liferay.knowledge.base.markdown.converter.impl.jar!parboiled-core.jar,1.1.6,org.parboiled.core,Apache 2,
com.liferay.knowledge.base.markdown.converter.impl.jar!parboiled-java.jar,1.1.6,org.parboiled.java,Apache 2,
com.liferay.knowledge.base.markdown.converter.impl.jar!pegdown.jar,1.1.0,pegdown,"Apache License, Version 2.0",
com.liferay.knowledge.base.service.jar!jericho-html.jar,3.1,Jericho HTML Parser,GNU Lesser General Public License (LGPL),
com.liferay.marketplace.store.web.jar!scribe.jar,1.3.6,Scribe OAuth Library,MIT,
com.liferay.message.boards.service.jar!jericho-html.jar,3.1,Jericho HTML Parser,GNU Lesser General Public License (LGPL),
com.liferay.oauth2.provider.rest.jar!javax.annotation-api.jar,1.3,javax.annotation API,COMMON DEVELOPMENT AND DISTRIBUTION LICENSE (CDDL) Version 1.0,
com.liferay.petra.doulos.jar!commons-lang3.jar,3.4,Apache Commons Lang,"Apache License, Version 2.0",
com.liferay.petra.doulos.jar!concurrentlinkedhashmap-lru.jar,1.4.2,ConcurrentLinkedHashMap,"The Apache Software License, Version 2.0",
com.liferay.petra.io.delta.jar!trove4j.jar,3.0.3,GNU Trove,GNU Lesser General Public License 2.1,
com.liferay.petra.json.web.service.client.jar!commons-codec.jar,1.7,Commons Codec,"The Apache Software License, Version 2.0",
com.liferay.petra.json.web.service.client.jar!httpasyncclient.jar,4.1.3,HttpComponents Apache HttpAsyncClient,"The Apache Software License, Version 2.0",
com.liferay.petra.json.web.service.client.jar!httpclient.jar,4.5.3,HttpComponents Apache HttpClient,"The Apache Software License, Version 2.0",
com.liferay.petra.json.web.service.client.jar!httpcore-nio.jar,4.4.6,HttpComponents Apache HttpCore NIO,"The Apache Software License, Version 2.0",
com.liferay.petra.json.web.service.client.jar!httpcore.jar,4.4.6,HttpComponents Apache HttpCore,"The Apache Software License, Version 2.0",
com.liferay.petra.json.web.service.client.jar!jackson-annotations.jar,2.9.9,Jackson-annotations,"The Apache Software License, Version 2.0",
com.liferay.petra.json.web.service.client.jar!jackson-core.jar,2.9.9,Jackson-core,"The Apache Software License, Version 2.0",
com.liferay.petra.json.web.service.client.jar!jackson-databind.jar,2.9.9.1,jackson-databind,"The Apache Software License, Version 2.0",
com.liferay.petra.json.web.service.client.jar!signpost-commonshttp4.jar,1.2.1.2,signpost-commonshttp4,"The Apache Software License, Version 2.0",
com.liferay.petra.json.web.service.client.jar!signpost-core.jar,1.2.1.2,signpost-core,"The Apache Software License, Version 2.0",
com.liferay.polls.web.jar!jcommon.jar,1.0.16,jcommon,GNU Lesser General Public Licence,
com.liferay.polls.web.jar!jfreechart.jar,1.0.13,jfreechart,GNU Lesser General Public Licence,
com.liferay.portal.cluster.multiple.jar!jgroups.jar,3.6.16.Final,JGroups,"Apache License, Version 2.0",
com.liferay.portal.mobile.device.detection.fiftyonedegrees.jar!commons-io.jar,1.4,Apache Commons IO Bundle,"The Apache Software License, Version 2.0",
com.liferay.portal.mobile.device.detection.fiftyonedegrees.jar!device-detection-core.jar,3.2.14.2,com.51degrees:device-detection-core,"Mozilla Public License, Version 2.0",
com.liferay.portal.odata.impl.jar!jackson-databind.jar,2.9.9.1,jackson-databind,"The Apache Software License, Version 2.0",
com.liferay.portal.odata.impl.jar!odata-commons-api.jar,4.4.0,odata-commons-api,"The Apache Software License, Version 2.0",
com.liferay.portal.odata.impl.jar!odata-commons-core.jar,4.4.0,odata-commons-core,"The Apache Software License, Version 2.0",
com.liferay.portal.odata.impl.jar!odata-server-api.jar,4.4.0,odata-server-api,"The Apache Software License, Version 2.0",
com.liferay.portal.odata.impl.jar!odata-server-core-ext.jar,4.4.0,odata-server-core-ext,"The Apache Software License, Version 2.0",
com.liferay.portal.odata.impl.jar!odata-server-core.jar,4.4.0,odata-server-core,"The Apache Software License, Version 2.0",
com.liferay.portal.osgi.web.servlet.jsp.compiler.jar!javax.servlet.jsp.jar,2.3.3-b02.LIFERAY-PATCHED-9,JSP implementation,LGPL 2.1,
com.liferay.portal.osgi.web.servlet.jsp.compiler.jar!javax.servlet.jsp.jstl.jar,1.2.3,JavaServer Pages (TM) TagLib Implementation,CDDL + GPLv2 with classpath exception,
com.liferay.portal.osgi.web.wab.extender.jar!javax.servlet.jsp.jar,2.3.3-b02.LIFERAY-PATCHED-9,JSP implementation,LGPL 2.1,
com.liferay.portal.remote.axis.extender.jar!org.apache.axis.jar,1.4.LIFERAY-PATCHED-4,org.apache.axis,LGPL 2.1,
com.liferay.portal.remote.jaxrs.whiteboard.jar!cxf-core.jar,3.2.5,Apache CXF Core,"The Apache Software License, Version 2.0",
com.liferay.portal.remote.jaxrs.whiteboard.jar!cxf-rt-bindings-soap.jar,3.2.5,Apache CXF Runtime SOAP Binding,"The Apache Software License, Version 2.0",
com.liferay.portal.remote.jaxrs.whiteboard.jar!cxf-rt-bindings-xml.jar,3.2.5,Apache CXF Runtime XML Binding,"The Apache Software License, Version 2.0",
com.liferay.portal.remote.jaxrs.whiteboard.jar!cxf-rt-databinding-jaxb.jar,3.2.5,Apache CXF Runtime JAXB DataBinding,"The Apache Software License, Version 2.0",
com.liferay.portal.remote.jaxrs.whiteboard.jar!cxf-rt-wsdl.jar,3.2.5,Apache CXF Runtime Core for WSDL,"The Apache Software License, Version 2.0",
com.liferay.portal.remote.jaxrs.whiteboard.jar!cxf-tools-validator.jar,3.2.5,Apache CXF Command Line Tools Validator,"The Apache Software License, Version 2.0",
com.liferay.portal.remote.jaxrs.whiteboard.jar!wsdl4j.jar,1.6.3,WSDL4J,CPL,
com.liferay.portal.remote.soap.extender.impl.jar!cxf-rt-frontend-jaxws.jar,3.2.5,Apache CXF Runtime JAX-WS Frontend,"The Apache Software License, Version 2.0",
com.liferay.portal.remote.soap.extender.impl.jar!cxf-rt-frontend-simple.jar,3.2.5,Apache CXF Runtime Simple Frontend,"The Apache Software License, Version 2.0",
com.liferay.portal.remote.soap.extender.impl.jar!cxf-rt-ws-policy.jar,3.2.5,Apache CXF Runtime WS Policy,"The Apache Software License, Version 2.0",
com.liferay.portal.scheduler.quartz.jar!quartz.jar,2.1.7,Quartz Enterprise Job Scheduler,Apache 2.0,
com.liferay.portal.scripting.beanshell.jar!bsh.jar,2.0b6,BeanShell,"Apache License, Version 2.0",
com.liferay.portal.scripting.groovy.jar!groovy.jar,2.4.5,Groovy Runtime,"The Apache Software License, Version 2.0",
com.liferay.portal.scripting.javascript.jar!rhino.jar,1.7R4,Mozilla Rhino 1.7R4,"Mozilla Public License, Version 2.0",
com.liferay.portal.scripting.python.jar!jython-standalone.jar,2.5.3,Jython,Jython Software License,
com.liferay.portal.scripting.ruby.jar!jruby-complete.jar,1.7.20.1,JRuby 1.7.20.1,"http://www.gnu.org/licenses/gpl-3.0-standalone.html, http://www.gnu.org/licenses/lgpl-3.0-standalone.html, http://www.eclipse.org/legal/epl-v10.html",
com.liferay.portal.search.elasticsearch6.impl.jar!antlr-runtime.jar,3.5,ANTLR 3 Runtime,BSD licence,
com.liferay.portal.search.elasticsearch6.impl.jar!bcpg-jdk15on.jar,1.59,Bouncy Castle OpenPGP API,Bouncy Castle Licence,
com.liferay.portal.search.elasticsearch6.impl.jar!bcpkix-jdk15on.jar,1.59,"Bouncy Castle PKIX, CMS, EAC, TSP, PKCS, OCSP, CMP, and CRMF APIs",Bouncy Castle Licence,
com.liferay.portal.search.elasticsearch6.impl.jar!bcprov-jdk15on.jar,1.59,Bouncy Castle Provider,Bouncy Castle Licence,
com.liferay.portal.search.elasticsearch6.impl.jar!commons-io.jar,2.6,Apache Commons IO,"Apache License, Version 2.0",
com.liferay.portal.search.elasticsearch6.impl.jar!commons-lang.jar,2.6,Commons Lang,"The Apache Software License, Version 2.0",
com.liferay.portal.search.elasticsearch6.impl.jar!elasticsearch-cli.jar,6.5.0,org.elasticsearch#cli;6.5.0,"The Apache Software License, Version 2.0",
com.liferay.portal.search.elasticsearch6.impl.jar!elasticsearch-core.jar,6.5.0,org.elasticsearch#core;6.5.0,"The Apache Software License, Version 2.0",
com.liferay.portal.search.elasticsearch6.impl.jar!elasticsearch-scripting-painless-spi.jar,6.5.0,org.elasticsearch.plugin#spi;6.5.0,"The Apache Software License, Version 2.0",
com.liferay.portal.search.elasticsearch6.impl.jar!elasticsearch-x-content.jar,6.5.0,org.elasticsearch#x-content;6.5.0,"The Apache Software License, Version 2.0",
com.liferay.portal.search.elasticsearch6.impl.jar!elasticsearch.jar,6.5.0,org.elasticsearch#server;6.5.0,"The Apache Software License, Version 2.0",
com.liferay.portal.search.elasticsearch6.impl.jar!HdrHistogram.jar,2.1.9,HdrHistogram,"Public Domain, per Creative Commons CC0",
com.liferay.portal.search.elasticsearch6.impl.jar!hppc.jar,0.7.1,HPPC Collections,"The Apache Software License, Version 2.0",
com.liferay.portal.search.elasticsearch6.impl.jar!httpasyncclient.jar,4.1.3,HttpComponents Apache HttpAsyncClient,"The Apache Software License, Version 2.0",
com.liferay.portal.search.elasticsearch6.impl.jar!httpclient.jar,4.4,HttpComponents Apache HttpClient,"The Apache Software License, Version 2.0",
com.liferay.portal.search.elasticsearch6.impl.jar!jackson-core.jar,2.9.9,Jackson-core,"The Apache Software License, Version 2.0",
com.liferay.portal.search.elasticsearch6.impl.jar!jackson-dataformat-cbor.jar,2.8.10,Jackson dataformat: CBOR,"The Apache Software License, Version 2.0",
com.liferay.portal.search.elasticsearch6.impl.jar!jackson-dataformat-smile.jar,2.8.10,Jackson dataformat: Smile,"The Apache Software License, Version 2.0",
com.liferay.portal.search.elasticsearch6.impl.jar!jackson-dataformat-yaml.jar,2.8.10,Jackson-dataformat-YAML,"The Apache Software License, Version 2.0",
com.liferay.portal.search.elasticsearch6.impl.jar!joda-time.jar,2.9.5,Joda-Time,"Apache License, Version 2.0",
com.liferay.portal.search.elasticsearch6.impl.jar!jopt-simple.jar,5.0.2,JOpt Simple,The MIT License,
com.liferay.portal.search.elasticsearch6.impl.jar!jsr166e.jar,1.1.0,JSR166e,CC0 1.0 Universal,
com.liferay.portal.search.elasticsearch6.impl.jar!jts.jar,1.13,JTS Topology Suite,Lesser General Public License (LGPL),
com.liferay.portal.search.elasticsearch6.impl.jar!lang-mustache-client.jar,6.5.0,org.elasticsearch.plugin#lang-mustache;6.5.0,"The Apache Software License, Version 2.0",
com.liferay.portal.search.elasticsearch6.impl.jar!log4j-api.jar,2.11.2,Apache Log4j API,"Apache License, Version 2.0",
com.liferay.portal.search.elasticsearch6.impl.jar!log4j-core.jar,2.11.2,Apache Log4j Core,"Apache License, Version 2.0",
com.liferay.portal.search.elasticsearch6.impl.jar!lucene-analyzers-common.jar,7.5.0,Lucene Common Analyzers,"The Apache Software License, Version 2.0",
com.liferay.portal.search.elasticsearch6.impl.jar!lucene-core.jar,7.5.0,Lucene Core,"The Apache Software License, Version 2.0",
com.liferay.portal.search.elasticsearch6.impl.jar!lucene-grouping.jar,7.5.0,Lucene Grouping,"The Apache Software License, Version 2.0",
com.liferay.portal.search.elasticsearch6.impl.jar!lucene-highlighter.jar,7.5.0,Lucene Highlighter,"The Apache Software License, Version 2.0",
com.liferay.portal.search.elasticsearch6.impl.jar!lucene-join.jar,7.5.0,Lucene Join,"The Apache Software License, Version 2.0",
com.liferay.portal.search.elasticsearch6.impl.jar!lucene-memory.jar,7.5.0,Lucene Memory,"The Apache Software License, Version 2.0",
com.liferay.portal.search.elasticsearch6.impl.jar!lucene-misc.jar,7.5.0,Lucene Miscellaneous,"The Apache Software License, Version 2.0",
com.liferay.portal.search.elasticsearch6.impl.jar!lucene-queries.jar,7.5.0,Lucene Queries,"The Apache Software License, Version 2.0",
com.liferay.portal.search.elasticsearch6.impl.jar!lucene-queryparser.jar,7.5.0,Lucene QueryParsers,"The Apache Software License, Version 2.0",
com.liferay.portal.search.elasticsearch6.impl.jar!lucene-sandbox.jar,7.5.0,Lucene Sandbox,"The Apache Software License, Version 2.0",
com.liferay.portal.search.elasticsearch6.impl.jar!lucene-spatial.jar,7.5.0,Lucene Spatial,"The Apache Software License, Version 2.0",
com.liferay.portal.search.elasticsearch6.impl.jar!lucene-suggest.jar,7.5.0,Lucene Suggest,"The Apache Software License, Version 2.0",
com.liferay.portal.search.elasticsearch6.impl.jar!netty-all.jar,4.1.11.Final,Netty/All-in-One,"Apache License, Version 2.0",
com.liferay.portal.search.elasticsearch6.impl.jar!org.elasticsearch.analysis.common.jar,6.5.0,org.elasticsearch.plugin#analysis-common;6.5.0,"Apache License, Version 2.0",
com.liferay.portal.search.elasticsearch6.impl.jar!org.elasticsearch.client.xpack.transport.jar,6.5.0,org.elasticsearch.client#transport-client;6.5.0,"Apache License, Version 2.0",
com.liferay.portal.search.elasticsearch6.impl.jar!org.elasticsearch.plugin.classloader.jar,6.5.0,org.elasticsearch#plugin-classloader;6.5.0,"Apache License, Version 2.0",
com.liferay.portal.search.elasticsearch6.impl.jar!org.elasticsearch.plugin.cli.jar,6.5.0,org.elasticsearch#plugin-cli;6.5.0,"Apache License, Version 2.0",
com.liferay.portal.search.elasticsearch6.impl.jar!org.elasticsearch.secure.sm.jar,6.5.0,org.elasticsearch#secure-sm;6.5.0,"Apache License, Version 2.0",
com.liferay.portal.search.elasticsearch6.impl.jar!parent-join-client.jar,6.5.0,org.elasticsearch.plugin#parent-join;6.5.0,"The Apache Software License, Version 2.0",
com.liferay.portal.search.elasticsearch6.impl.jar!percolator-client.jar,6.5.0,org.elasticsearch.plugin#percolator;6.5.0,"The Apache Software License, Version 2.0",
com.liferay.portal.search.elasticsearch6.impl.jar!reindex-client.jar,6.5.0,org.elasticsearch.plugin#reindex;6.5.0,"The Apache Software License, Version 2.0",
com.liferay.portal.search.elasticsearch6.impl.jar!snakeyaml.jar,1.17,SnakeYAML,"Apache License, Version 2.0",
com.liferay.portal.search.elasticsearch6.impl.jar!sniffer.jar,5.5.3,org.elasticsearch.client#sniffer;5.5.3,"The Apache Software License, Version 2.0",
com.liferay.portal.search.elasticsearch6.impl.jar!spatial4j.jar,0.6,Spatial4J,"The Apache Software License, Version 2.0",
com.liferay.portal.search.elasticsearch6.impl.jar!super-csv.jar,2.1.0,Super CSV Core,"Apache License, Version 2.0",
com.liferay.portal.search.elasticsearch6.impl.jar!t-digest.jar,3.0,T-Digest,"The Apache Software License, Version 2.0",
com.liferay.portal.search.elasticsearch6.impl.jar!transport-netty4-client.jar,6.5.0,org.elasticsearch.plugin#transport-netty4;6.5.0,"The Apache Software License, Version 2.0",
com.liferay.portal.search.elasticsearch6.impl.jar!transport.jar,6.5.0,org.elasticsearch.client#transport;6.5.0,"The Apache Software License, Version 2.0",
com.liferay.portal.search.elasticsearch6.impl.jar!unboundid-ldapsdk.jar,4.0.2,UnboundID LDAP SDK for Java,UnboundID LDAP SDK Free Use License,
com.liferay.portal.security.antisamy.jar!antisamy.jar,1.5.7,OWASP AntiSamy,BSD 3,
com.liferay.portal.security.antisamy.jar!batik-constants.jar,1.10,org.apache.xmlgraphics:batik-constants,"The Apache Software License, Version 2.0",
com.liferay.portal.security.antisamy.jar!batik-css.jar,1.10,org.apache.xmlgraphics:batik-css,"The Apache Software License, Version 2.0",
com.liferay.portal.security.antisamy.jar!batik-i18n.jar,1.10,org.apache.xmlgraphics:batik-i18n,"The Apache Software License, Version 2.0",
com.liferay.portal.security.antisamy.jar!batik-util.jar,1.10,org.apache.xmlgraphics:batik-util,"The Apache Software License, Version 2.0",
com.liferay.portal.security.antisamy.jar!commons-io.jar,1.3.1,Commons IO,"The Apache Software License, Version 2.0",
com.liferay.portal.security.antisamy.jar!commons-logging.jar,1.0.4,Logging,"The Apache Software License, Version 2.0",
com.liferay.portal.security.antisamy.jar!httpclient.jar,4.5.5,HttpComponents Apache HttpClient,"Apache License, Version 2.0",
com.liferay.portal.security.antisamy.jar!httpcore.jar,4.4.9,HttpComponents Apache HttpCore,"Apache License, Version 2.0",
com.liferay.portal.security.antisamy.jar!nekohtml.jar,1.9.16,Neko HTML,"The Apache Software License, Version 2.0",
com.liferay.portal.security.antisamy.jar!xml-apis-ext.jar,1.3.04,XML Commons External Components XML APIs Extensions,"The Apache Software License, Version 2.0",
com.liferay.portal.security.antisamy.jar!xmlgraphics-commons.jar,2.2,Apache XML Graphics Commons,"The Apache Software License, Version 2.0",
com.liferay.portal.security.ldap.impl.jar!antlr.jar,3.0.1,AntLR Parser Generator,BSD licence,
com.liferay.portal.security.ldap.impl.jar!stringtemplate.jar,3.0,Stringtemplate,BSD License,
com.liferay.portal.security.sso.cas.impl.jar!cas-client-core.jar,3.1.12,JA-SIG CAS Client for Java - Core,Apache License 2.0,
com.liferay.portal.security.sso.cas.impl.jar!opensaml.jar,1.1,OpenSAML-J,Apache 2,
com.liferay.portal.security.sso.google.impl.jar!google-api-client.jar,1.21.0,Google APIs Client Library for Java,"The Apache Software License, Version 2.0",
com.liferay.portal.security.sso.google.impl.jar!google-api-services-oauth2.jar,v2-rev103-1.21.0,Google OAuth2 API v2-rev103-1.21.0,"The Apache Software License, Version 2.0",
com.liferay.portal.security.sso.google.impl.jar!google-http-client-jackson2.jar,1.21.0,Jackson 2 extensions to the Google HTTP Client Library for Java.,"The Apache Software License, Version 2.0",
com.liferay.portal.security.sso.google.impl.jar!google-http-client.jar,1.21.0,Google HTTP Client Library for Java,"The Apache Software License, Version 2.0",
com.liferay.portal.security.sso.google.impl.jar!google-oauth-client.jar,1.21.0,Google OAuth Client Library for Java,"The Apache Software License, Version 2.0",
com.liferay.portal.security.sso.google.impl.jar!jackson-core.jar,2.9.9,Jackson-core,"The Apache Software License, Version 2.0",
com.liferay.portal.security.sso.ntlm.impl.jar!jcifs.jar,1.3.17,jCIFS,"GNU Lesser General Public License, version 2.1",
com.liferay.portal.security.sso.openid.connect.impl.jar!accessors-smart.jar,1.2,ASM based accessors helper used by json-smart,"The Apache Software License, Version 2.0",
com.liferay.portal.security.sso.openid.connect.impl.jar!activation.jar,1.1.1,Sun Java System Application Server,COMMON DEVELOPMENT AND DISTRIBUTION LICENSE (CDDL) Version 1.0,
com.liferay.portal.security.sso.openid.connect.impl.jar!asm.jar,5.0.4,ASM Core,"The Apache Software License, Version 2.0",
com.liferay.portal.security.sso.openid.connect.impl.jar!commons-lang3.jar,3.4,Apache Commons Lang,"Apache License, Version 2.0",
com.liferay.portal.security.sso.openid.connect.impl.jar!javax.mail.jar,1.6.2,JavaMail API,COMMON DEVELOPMENT AND DISTRIBUTION LICENSE (CDDL) Version 1.0,
com.liferay.portal.security.sso.openid.connect.impl.jar!jcip-annotations.jar,1.0-1,JCIP Annotations under Apache License,"Apache License, Version 2.0",
com.liferay.portal.security.sso.openid.connect.impl.jar!json-smart.jar,2.3,JSON Small and Fast Parser,"The Apache Software License, Version 2.0",
com.liferay.portal.security.sso.openid.connect.impl.jar!lang-tag.jar,1.4.4,Nimbus LangTag,"The Apache Software License, Version 2.0",
com.liferay.portal.security.sso.openid.connect.impl.jar!nimbus-jose-jwt.jar,6.7,Nimbus JOSE+JWT,"The Apache Software License, Version 2.0",
com.liferay.portal.security.sso.openid.connect.impl.jar!oauth2-oidc-sdk.jar,6.5,OAuth 2.0 SDK with OpenID Connect extensions,"Apache License, version 2.0",
com.liferay.portal.security.sso.openid.impl.jar!guice.jar,2.0,guice,"The Apache Software License, Version 2.0",
com.liferay.portal.security.sso.openid.impl.jar!httpcore.jar,4.1,HttpComponents HttpCore,Apache License 2.0,
com.liferay.portal.security.sso.openid.impl.jar!nekohtml.jar,1.9.10,Neko HTML,"The Apache Software License, Version 2.0",
com.liferay.portal.security.sso.openid.impl.jar!openid4java.jar,0.9.8,OpenID4Java,Apache 2,
com.liferay.portal.security.sso.openid.impl.jar!org.apache.httpcomponents.httpclient.jar,4.1.3.LIFERAY-PATCHED-1,org.apache.httpcomponents.httpclient,Apache License 2.0,
com.liferay.portal.security.sso.openid.impl.jar!org.apache.xml.resolver.jar,1.2.0,org.apache.xml.resolver_1.2.0.v201005080400.jar,Eclipse Public License - v 1.0,
com.liferay.portal.security.sso.openid.impl.jar!xercesImpl.jar,2.8.1,Xerces2 Java Parser,"The Apache Software License, Version 2.0",
com.liferay.portal.security.sso.openid.impl.jar!xml-apis.jar,1.3.03,xml-apis:xml-apis,"The Apache Software License, Version 2.0",
com.liferay.portal.store.cmis.jar!chemistry-opencmis-client-api.jar,0.13.0,OpenCMIS Client API,"Apache License, Version 2.0",
com.liferay.portal.store.cmis.jar!chemistry-opencmis-client-bindings.jar,0.13.0,OpenCMIS Client Bindings Implementation,"Apache License, Version 2.0",
com.liferay.portal.store.cmis.jar!chemistry-opencmis-client-impl.jar,0.13.0,OpenCMIS Client Implementation,"Apache License, Version 2.0",
com.liferay.portal.store.cmis.jar!chemistry-opencmis-commons-api.jar,0.13.0,OpenCMIS Commons API,"Apache License, Version 2.0",
com.liferay.portal.store.cmis.jar!chemistry-opencmis-commons-impl.jar,0.13.0,OpenCMIS Commons Implementation,"Apache License, Version 2.0",
com.liferay.portal.store.cmis.jar!stax2-api.jar,3.1.4,Stax2 API,The BSD License,
com.liferay.portal.store.cmis.jar!woodstox-core-asl.jar,4.4.0,Woodstox XML-processor,"The Apache Software License, Version 2.0",
com.liferay.portal.store.jcr.jar!jackrabbit-api.jar,2.2.4,Apache Jackrabbit API,"The Apache Software License, Version 2.0",
com.liferay.portal.store.jcr.jar!jackrabbit-core.jar,2.2.4,Jackrabbit Core,"The Apache Software License, Version 2.0",
com.liferay.portal.store.jcr.jar!jackrabbit-jcr-commons.jar,2.2.4,Jackrabbit JCR Commons,"The Apache Software License, Version 2.0",
com.liferay.portal.store.jcr.jar!jackrabbit-spi-commons.jar,2.2.4,Jackrabbit SPI Commons,"The Apache Software License, Version 2.0",
com.liferay.portal.store.jcr.jar!jackrabbit-spi.jar,2.2.4,Jackrabbit SPI,"The Apache Software License, Version 2.0",
com.liferay.portal.store.jcr.jar!jcr.jar,2.0,Content Repository for JavaTM Technology API,Day Specification License addendum,
com.liferay.portal.store.s3.jar!aws-java-sdk-core.jar,1.11.277,AWS SDK for Java - Core,"Apache License, Version 2.0",
com.liferay.portal.store.s3.jar!aws-java-sdk-kms.jar,1.11.277,AWS Java SDK for AWS KMS,"Apache License, Version 2.0",
com.liferay.portal.store.s3.jar!aws-java-sdk-s3.jar,1.11.277,AWS Java SDK for Amazon S3,"Apache License, Version 2.0",
com.liferay.portal.store.s3.jar!commons-codec.jar,1.6,Commons Codec,"The Apache Software License, Version 2.0",
com.liferay.portal.store.s3.jar!commons-logging.jar,1.2,Apache Commons Logging,"The Apache Software License, Version 2.0",
com.liferay.portal.store.s3.jar!httpclient.jar,4.5.2,HttpComponents Apache HttpClient,"The Apache Software License, Version 2.0",
com.liferay.portal.store.s3.jar!httpcore.jar,4.4.9,HttpComponents Apache HttpCore,"Apache License, Version 2.0",
com.liferay.portal.store.s3.jar!ion-java.jar,1.1.0,software.amazon.ion:ion-java,"The Apache License, Version 2.0",
com.liferay.portal.store.s3.jar!jackson-annotations.jar,2.9.9,Jackson-annotations,"The Apache Software License, Version 2.0",
com.liferay.portal.store.s3.jar!jackson-core.jar,2.9.9,Jackson-core,"The Apache Software License, Version 2.0",
com.liferay.portal.store.s3.jar!jackson-databind.jar,2.9.9.1,jackson-databind,"The Apache Software License, Version 2.0",
com.liferay.portal.store.s3.jar!jackson-dataformat-cbor.jar,2.8.1,Jackson dataformat: CBOR,"The Apache Software License, Version 2.0",
com.liferay.portal.store.s3.jar!joda-time.jar,2.8.1,Joda-Time,"Apache License, Version 2.0",
com.liferay.portal.template.freemarker.jar!javax.servlet.jsp.jstl.jar,1.2.3,JavaServer Pages (TM) TagLib Implementation,CDDL + GPLv2 with classpath exception,
com.liferay.portal.template.freemarker.jar!org.freemarker.jar,2.3.23.LIFERAY-PATCHED-4,org.freemarker.freemarker,LGPL 2.1,
com.liferay.portal.template.soy.impl.jar!args4j.jar,2.0.23,args4j,MIT license,
com.liferay.portal.template.soy.impl.jar!checker-qual.jar,2.5.2,Checker Qual,The MIT License,
com.liferay.portal.template.soy.impl.jar!commons-lang3.jar,3.4,Apache Commons Lang,"Apache License, Version 2.0",
com.liferay.portal.template.soy.impl.jar!error_prone_annotations.jar,2.2.0,error-prone annotations,Apache 2.0,
com.liferay.portal.template.soy.impl.jar!failureaccess.jar,1.0.1,Guava InternalFutureFailureAccess and InternalFutures,"The Apache Software License, Version 2.0",
com.liferay.portal.template.soy.impl.jar!gson.jar,2.7,Gson,Apache 2.0,
com.liferay.portal.template.soy.impl.jar!guava.jar,27.0.1-jre,Guava: Google Core Libraries for Java,"The Apache Software License, Version 2.0",
com.liferay.portal.template.soy.impl.jar!guice-multibindings.jar,4.1.0,Google Guice - Extensions - MultiBindings,"The Apache Software License, Version 2.0",
com.liferay.portal.template.soy.impl.jar!guice.jar,4.1.0,Google Guice - Core Library,"The Apache Software License, Version 2.0",
com.liferay.portal.template.soy.impl.jar!icu4j.jar,57.1,ICU4J,ICU License,
com.liferay.portal.template.soy.impl.jar!j2objc-annotations.jar,1.1,J2ObjC Annotations,"The Apache Software License, Version 2.0",
com.liferay.portal.template.soy.impl.jar!javax.inject.jar,1,javax.inject,"The Apache Software License, Version 2.0",
com.liferay.portal.template.soy.impl.jar!jsr305.jar,3.0.2,FindBugs-jsr305,"The Apache Software License, Version 2.0",
com.liferay.portal.template.soy.impl.jar!listenablefuture.jar,9999.0-empty-to-avoid-conflict-with-guava,Guava ListenableFuture only,"The Apache Software License, Version 2.0",
com.liferay.portal.template.soy.impl.jar!protobuf-java.jar,3.3.0,Protocol Buffers [Core],"The Apache Software License, Version 2.0",
com.liferay.portal.template.soy.impl.jar!soy.jar,2018-01-03,Closure Templates,"The Apache Software License, Version 2.0",
com.liferay.portal.template.soy.impl.jar!truth.jar,0.36,Truth Core,"The Apache Software License, Version 2.0",
com.liferay.portal.template.soy.impl.jar!types.jar,1.0.4,Safe HTML Types Library,"The Apache Software License, Version 2.0",
com.liferay.portal.template.velocity.jar!org.apache.velocity.jar,1.6.4.LIFERAY-PATCHED-1,org.apache.velocity,LGPL 2.1,
com.liferay.portal.template.velocity.jar!velocity-tools.jar,1.4,org.apache.velocity,"Apache License, Version 2.0",
com.liferay.portal.tools.db.upgrade.client.jar!commons-cli.jar,1.3.1,Apache Commons CLI,"Apache License, Version 2.0",
com.liferay.portal.tools.db.upgrade.client.jar!jline.jar,2.12,JLine,The BSD License,
com.liferay.portal.upgrade.impl.jar!jgrapht-core.jar,0.9.1,JGraphT - Core,Eclipse Public License (EPL) 1.0,
com.liferay.portal.vulcan.api.jar!graphql-java-annotations.jar,5.4,graphql-java-annotations,"The Apache Software License, Version 2.0",
com.liferay.portal.vulcan.api.jar!jackson-dataformat-xml.jar,2.9.8,Jackson-dataformat-XML,"The Apache Software License, Version 2.0",
com.liferay.portal.vulcan.api.jar!snakeyaml.jar,1.23,SnakeYAML,"Apache License, Version 2.0",
com.liferay.portal.vulcan.impl.jar!antlr4-runtime.jar,4.7.1,ANTLR 4 Runtime,The BSD License,
com.liferay.portal.vulcan.impl.jar!classmate.jar,1.4.0,ClassMate,"The Apache Software License, Version 2.0",
com.liferay.portal.vulcan.impl.jar!commons-codec.jar,1.10,Apache Commons Codec,"Apache License, Version 2.0",
com.liferay.portal.vulcan.impl.jar!commons-lang3.jar,3.8,Apache Commons Lang,"Apache License, Version 2.0",
com.liferay.portal.vulcan.impl.jar!failureaccess.jar,1.0.1,Guava InternalFutureFailureAccess and InternalFutures,"The Apache Software License, Version 2.0",
com.liferay.portal.vulcan.impl.jar!graphql-java-annotations.jar,7.0.1,graphql-java-annotations,"The Apache Software License, Version 2.0",
com.liferay.portal.vulcan.impl.jar!graphql-java-servlet.jar,7.5.0,graphql-java-servlet,"The Apache Software License, Version 2.0",
com.liferay.portal.vulcan.impl.jar!graphql-java.jar,12.0,graphql-java,MIT,
com.liferay.portal.vulcan.impl.jar!guava.jar,27.1-jre,Guava: Google Core Libraries for Java,"The Apache Software License, Version 2.0",
com.liferay.portal.vulcan.impl.jar!hibernate-validator.jar,6.0.15.Final,Hibernate Validator Engine,Apache License 2.0,
com.liferay.portal.vulcan.impl.jar!jackson-dataformat-xml.jar,2.9.8,Jackson-dataformat-XML,"The Apache Software License, Version 2.0",
com.liferay.portal.vulcan.impl.jar!jackson-dataformat-yaml.jar,2.9.8,Jackson-dataformat-YAML,"The Apache Software License, Version 2.0",
com.liferay.portal.vulcan.impl.jar!jackson-datatype-jdk8.jar,2.9.8,Jackson datatype: jdk8,"The Apache Software License, Version 2.0",
com.liferay.portal.vulcan.impl.jar!jackson-jaxrs-base.jar,2.9.8,Jackson-JAXRS-base,"The Apache Software License, Version 2.0",
com.liferay.portal.vulcan.impl.jar!jackson-jaxrs-json-provider.jar,2.9.8,Jackson-JAXRS-JSON,"The Apache Software License, Version 2.0",
com.liferay.portal.vulcan.impl.jar!jackson-jaxrs-xml-provider.jar,2.9.8,Jackson-JAXRS-XML,"The Apache Software License, Version 2.0",
com.liferay.portal.vulcan.impl.jar!java-dataloader.jar,2.1.1,java-dataloader,"The Apache Software License, Version 2.0",
com.liferay.portal.vulcan.impl.jar!javassist.jar,3.23.1-GA,Javassist,LGPL 2.1,
com.liferay.portal.vulcan.impl.jar!reactive-streams.jar,1.0.2,reactive-streams,CC0,
com.liferay.portal.vulcan.impl.jar!reflections.jar,0.9.11,Reflections,The New BSD License,
com.liferay.portal.vulcan.impl.jar!snakeyaml.jar,1.23,SnakeYAML,"Apache License, Version 2.0",
com.liferay.portal.vulcan.impl.jar!swagger-core.jar,2.0.6,swagger-core,Apache License 2.0,
com.liferay.portal.vulcan.impl.jar!swagger-integration.jar,2.0.6,swagger-integration,Apache License 2.0,
com.liferay.portal.vulcan.impl.jar!swagger-jaxrs2.jar,2.0.6,swagger-jaxrs2,Apache License 2.0,
com.liferay.portal.vulcan.impl.jar!swagger-models.jar,2.0.6,swagger-models,Apache License 2.0,
com.liferay.push.notifications.sender.android.jar!json-simple.jar,1.1,JSON.simple,"The Apache Software License, Version 2.0",
com.liferay.push.notifications.sender.apple.jar!apns.jar,1.0.0.Beta6,Java Apple Push Notification Service Library,New BSD License,
com.liferay.push.notifications.sender.apple.jar!jackson-annotations.jar,2.9.9,Jackson-annotations,"The Apache Software License, Version 2.0",
com.liferay.push.notifications.sender.apple.jar!jackson-core.jar,2.9.9,Jackson-core,"The Apache Software License, Version 2.0",
com.liferay.push.notifications.sender.apple.jar!jackson-databind.jar,2.9.9.1,jackson-databind,"The Apache Software License, Version 2.0",
com.liferay.push.notifications.sender.firebase.jar!fcm-client.jar,0.3.0,Firebase Cloud Messaging Client,LGPL 2.1,
com.liferay.push.notifications.sender.firebase.jar!gson.jar,2.8.0,Gson,Apache 2.0,
com.liferay.push.notifications.sender.firebase.jar!okhttp.jar,3.5.0,OkHttp,Apache 2.0,
com.liferay.push.notifications.sender.firebase.jar!okio.jar,1.11.0,Okio,Apache 2.0,
com.liferay.push.notifications.sender.microsoft.jar!httpclient.jar,4.3.6,HttpComponents Apache HttpClient,"The Apache Software License, Version 2.0",
com.liferay.push.notifications.sender.microsoft.jar!httpcore.jar,4.3.3,HttpComponents Apache HttpCore,"The Apache Software License, Version 2.0",
com.liferay.push.notifications.sender.microsoft.jar!java-mpns.jar,0.1.0,Java Microsoft Push Notification Service Library,"The Apache Software License, Version 2.0",
com.liferay.push.notifications.sender.sms.jar!commons-lang3.jar,3.4,Apache Commons Lang,"Apache License, Version 2.0",
com.liferay.push.notifications.sender.sms.jar!httpclient.jar,4.2.6,HttpComponents Apache HttpClient,"The Apache Software License, Version 2.0",
com.liferay.push.notifications.sender.sms.jar!httpcore.jar,4.2.5,HttpComponents Apache HttpCore,"The Apache Software License, Version 2.0",
com.liferay.push.notifications.sender.sms.jar!jackson-core-asl.jar,1.9.3,Jackson JSON processor,"The Apache Software License, Version 2.0",
com.liferay.push.notifications.sender.sms.jar!jackson-mapper-asl.jar,1.9.3,Data mapper for Jackson JSON processor,"The Apache Software License, Version 2.0",
com.liferay.push.notifications.sender.sms.jar!joda-convert.jar,1.2,Joda convert,"Apache License, Version 2.0",
com.liferay.push.notifications.sender.sms.jar!joda-time.jar,2.8.2,Joda-Time,"Apache License, Version 2.0",
com.liferay.push.notifications.sender.sms.jar!json-simple.jar,1.1,JSON.simple,"The Apache Software License, Version 2.0",
com.liferay.push.notifications.sender.sms.jar!twilio-java-sdk.jar,4.0.2,twilio-java-sdk,MIT License,
com.liferay.reading.time.service.jar!jsoup.jar,1.10.2,jsoup Java HTML Parser,The MIT License,
com.liferay.registry.api.jar!biz.aQute.bndlib.jar,3.1.0,bndlib,"Apache License, Version 2.0",
com.liferay.rss.impl.jar!icu4j.jar,54.1.1,ICU4J,ICU License,
com.liferay.server.admin.web.jar!jcommon.jar,1.0.16,jcommon,GNU Lesser General Public Licence,
com.liferay.server.admin.web.jar!jfreechart.jar,1.0.13,jfreechart,GNU Lesser General Public Licence,
com.liferay.sync.security.jar!commons-codec.jar,1.4,Commons Codec,"The Apache Software License, Version 2.0",
com.liferay.sync.security.jar!google-collections.jar,1.0,Google Collections Library,"The Apache Software License, Version 2.0",
com.liferay.sync.security.jar!gson.jar,1.4,Gson,"The Apache Software License, Version 2.0",
com.liferay.sync.security.jar!httpcore.jar,4.0.1,HttpCore,"Apache License, Version 2.0",
com.liferay.sync.security.jar!joda-time.jar,1.6,Joda time,"Apache License, Version 2.0",
com.liferay.sync.security.jar!jsontoken.jar,1.1,jsontoken,"The Apache Software License, Version 2.0",
com.liferay.sync.service.jar!bcpg-jdk15on.jar,1.54,Bouncy Castle OpenPGP API,Bouncy Castle Licence,
com.liferay.sync.service.jar!bcpkix-jdk15on.jar,1.54,"Bouncy Castle PKIX, CMS, EAC, TSP, PKCS, OCSP, CMP, and CRMF APIs",Bouncy Castle Licence,
com.liferay.sync.service.jar!bcprov-jdk15on.jar,1.54,Bouncy Castle Provider,Bouncy Castle Licence,
com.liferay.upload.web.jar!jsoup.jar,1.10.2,jsoup Java HTML Parser,The MIT License,
com.liferay.web.form.web.jar!rhino.jar,1.7R4,Mozilla Rhino 1.7R4,"Mozilla Public License, Version 2.0",
com.liferay.web.proxy.web.jar!org.portletbridge.core.jar,1.1.2,org.portletbridge,"Apache License, Version 2.0",
com.liferay.wiki.engine.creole.jar!antlr.jar,3.0.1,AntLR Parser Generator,BSD licence,
com.liferay.wiki.engine.creole.jar!stringtemplate.jar,3.0,Stringtemplate,BSD License,
com.liferay.wiki.engine.html.jar!jericho-html.jar,3.1,Jericho HTML Parser,GNU Lesser General Public License (LGPL),
com.liferay.wiki.service.jar!antlr.jar,3.0.1,AntLR Parser Generator,BSD licence,
com.liferay.wiki.service.jar!biz.aQute.bndlib.jar,3.1.0,bndlib,"http://www.opensource.org/licenses/apache2.0.php; description=""Apache License, Version 2.0""; link=""http://www.apache.org/licenses/LICENSE-2.0""",
com.liferay.wiki.service.jar!jericho-html.jar,3.1,Jericho HTML Parser,GNU Lesser General Public License (LGPL),
com.liferay.wiki.service.jar!oro.jar,2.0.8,oro:oro,"Apache Software License, Version 1.1",
com.liferay.wiki.service.jar!stringtemplate.jar,3.0,Stringtemplate,BSD License,
lib/development/activation.jar,1.1,JavaBeans Activation Framework,CDDL 1.0,
lib/development/alloy-taglib.jar,1.1.10,Alloy TagLibs,LGPL 2.1,
lib/development/annotations.jar,1.0,Common Annotations,CDDL 1.0,
lib/development/ant-apache-bsf.jar,1.8.2,Ant,Apache License 2.0,
lib/development/ant-contrib.jar,1.0 B3,Ant-Contrib Tasks,Apache License 1.1,
lib/development/antelope.jar,3.4.0,Antelope,Apache License 1.1,
lib/development/appium.jar,1.6.2,Appium,Apache License 2.0,
lib/development/biz.aQute.bnd.jar,3.5.0,Bnd,Apache License 2.0,
lib/development/bsh.jar,2.0 B4,BeanShell,LGPL 2.1,
lib/development/catalina.jar,9.0.17,Tomcat,Apache License 2.0,
lib/development/com.liferay.jenkins.results.parser.jar,1.0.238,Liferay Jenkins Results Parser,LGPL 2.1,
lib/development/deployment.jar,1.1,J2EE Application Deployment Library,CDDL 1.0,
lib/development/dtddoc.jar,1.1.0,DTDDoc,MIT License,
lib/development/dtdparser.jar,1.20,DTDParser,LGPL 2.1,
lib/development/dumbster.jar,02856255a6cc7f,Dumbster,Apache License 2.0,
lib/development/error-prone-ant.jar,1.0.8,Error-Prone,Apache License 2.0,
lib/development/freemarker.jar,2.3.23,FreeMarker,BSD Style License,
lib/development/gson.jar,2.2.4,Gson,Apache License 2.0,
lib/development/guava.jar,16.0.1,Guava,Apache License 2.0,
lib/development/hamcrest-core.jar,1.3,Hamcrest,BSD Style License,
lib/development/hamcrest-library.jar,1.3,Hamcrest,BSD Style License,
lib/development/hsql.jar,2.3.3,HSQL Database Engine,BSD Style License,See LPS-58322.
lib/development/j2h.jar,1.5,Java2HTML,GPL 2.0,
lib/development/jacocoagent.jar,0.7.9,JaCoCo,Eclipse Public License Version 1.0,
lib/development/jacocoant.jar,0.7.9,JaCoCo,Eclipse Public License Version 1.0,
lib/development/jacococore.jar,0.7.9,JaCoCo,Eclipse Public License Version 1.0,
lib/development/jacocoreport.jar,0.7.9,JaCoCo,Eclipse Public License Version 1.0,
lib/development/jalopy.jar,1.5 RC3,Jalopy,BSD Style License,This includes modifications to remove extraneous logging. Removed antlr.* because it with the Groovy compiler. See LPS-51450.
lib/development/jargs.jar,1.0,JArgs,BSD Style License,
lib/development/jarjar.jar,1.2,Jar Jar Links,Apache License 2.0,
lib/development/jasper.jar,9.0.17,Tomcat,Apache License 2.0,
lib/development/jaxb-api.jar,2.1.9,Java Architecture for XML Binding,CDDL 1.0,
lib/development/jbi_rt.jar,2.0 UR1,Glassfish,CDDL 1.0,
lib/development/jetty-server.jar,8.1.10,Jetty,Apache License 2.0,
lib/development/jetty-util.jar,8.1.10,Jetty,Apache License 2.0,
lib/development/jms.jar,1.1,Java Message Services,Sun Binary Code License Agreement,
lib/development/jndi.jar,1.2.1,Java Naming and Directory Interface,Sun Binary Code License Agreement,
lib/development/jsch.jar,0.1.55,JSch,BSD Style License,
lib/development/jserrorcollector.jar,c7d2d9161321e9,JSErrorCollector,Apache License 2.0,
lib/development/jsonassert.jar,1.2.3,JSONassert,Apache License 2.0,
lib/development/jsp-api.jar,2.1,JavaServer Pages,Sun Binary Code License Agreement,
lib/development/jta.jar,1.1,Java Transaction,Sun Binary Code License Agreement,See LPS-27200.
lib/development/junit.jar,4.12,JUnit,Common Public License 1.0,
lib/development/jutf7.jar,,jutf7,MIT License,
lib/development/mail.jar,1.4,JavaMail,Sun Binary Code License Agreement,
lib/development/mariadb.jar,1.1.9,MariaDB Connector/J,LGPL 2.1,
lib/development/maven-ant-tasks.jar,2.1.3,Maven Ant Tasks,Apache License 2.0,
lib/development/mockito.jar,1.9.5,Mockito,MIT License,
lib/development/mysql.jar,5.1.23,MySQL Connector/J,GPL 2.0,
lib/development/objenesis.jar,2.1,Objenesis,Apache License 2.0,
lib/development/p6spy.jar,1.3,P6Spy,P6Spy Software License 1.1,
lib/development/persistence.jar,2.0,Java Persistence,Sun Binary Code License Agreement,
lib/development/postgresql.jar,9.4-1201 JDBC 41,PostgreSQL JDBC Driver,BSD Style License,
lib/development/powermock-api-mockito.jar,1.6.1,Powermock,Apache License 2.0,
lib/development/powermock-api-support.jar,1.6.1,Powermock,Apache License 2.0,
lib/development/powermock-core.jar,1.6.1,Powermock,Apache License 2.0,
lib/development/powermock-module-junit4-common.jar,1.6.1,Powermock,Apache License 2.0,
lib/development/powermock-module-junit4.jar,1.6.1,Powermock,Apache License 2.0,
lib/development/powermock-reflect.jar,1.6.1,Powermock,Apache License 2.0,
lib/development/qdox.jar,1.12.1,QDox,Apache License 2.0,
lib/development/resin.jar,4.0.44,Resin,GPL 2.0,- See LEP-5048 and LPS-15805. -
lib/development/saxpath.jar,1.0 FCS,SAXPath,Werkin Digital License,
lib/development/sdk-addon-api-0.2.jar,0.2,Glassfish,CDDL 1.0,
lib/development/servlet-api.jar,3.0.1,Java Servlet,Sun Binary Code License Agreement,
lib/development/slf4j-simple.jar,1.7.10,SLF4J Simple Binding,MIT License,
lib/development/smtp.jar,1.4,JavaMail,Sun Binary Code License Agreement,
lib/development/spring-instrument-tomcat.jar,4.1.9,Spring,Apache License 2.0,This does not include missing OSGi headers. See LPS-49575.
lib/development/spring-instrument.jar,4.1.9,Spring,Apache License 2.0,This does not include missing OSGi headers. See LPS-49575.
lib/development/spring-test.jar,4.1.9,Spring,Apache License 2.0,This does not include missing OSGi headers. See LPS-49575.
lib/development/tlddoc.jar,1.3,Tag Library Documentation Generator,BSD Style License,
lib/development/tomcat-api.jar,9.0.17,Tomcat,Apache License 2.0,
lib/development/tomcat-coyote.jar,9.0.17,Tomcat,Apache License 2.0,
lib/development/tomcat-util.jar,9.0.17,Tomcat,Apache License 2.0,
lib/development/velocity-tools.jar,1.4,Velocity,Apache License 2.0,
lib/development/velocity.jar,1.6.4,Velocity,Apache License 2.0,
lib/development/websocket-api.jar,1.12,WebSocket,CDDL 1.1,
lib/development/xmlresolver.jar,0.12.5,XML Resolver,Apache License 2.0,
lib/development/xmltask.jar,1.16,XMLTask,Apache License 2.0,This was recompiled for compatibility with JDK 5.
lib/global/portlet.jar,2.1,JSR 286 Portlet 2.0 Specification,IBM Java Portlet Specification 2.0 License,
lib/portal/abdera.jar,1.1.2,Abdera,Apache License 2.0,
lib/portal/ant.jar,1.8.2,Ant,Apache License 2.0,
lib/portal/antlr2.jar,2.7.7,ANTLR,BSD Style License,
lib/portal/antlr3-runtime.jar,3.0.1,ANTLR,BSD Style License,
lib/portal/antlr3.jar,3.0.1,ANTLR,BSD Style License,
lib/portal/aopalliance.jar,1.0,AOP Alliance,Public Domain,
lib/portal/asm-analysis.jar,7.0,ASM,ASM License,
lib/portal/asm-commons.jar,7.0,ASM,ASM License,
lib/portal/asm-tree.jar,7.0,ASM,ASM License,
lib/portal/asm-util.jar,7.0,ASM,ASM License,
lib/portal/asm.jar,7.0,ASM,ASM License,
lib/portal/aspectj-rt.jar,1.8.9,AspectJ,Eclipse Public License 1.0,
lib/portal/aspectj-weaver.jar,1.8.9,AspectJ,Eclipse Public License 1.0,Older versions required removing testdata.* because it conflicted with JBoss 5.1.
lib/portal/axis-ant.jar,1.4,Axis,Apache License 2.0,
lib/portal/axis.jar,1.4,Axis,Apache License 2.0,See modules/third-party/org-apache-axis/patches.
lib/portal/bcmail.jar,1.45,Bouncy Castle,MIT License,
lib/portal/bcprov.jar,1.45,Bouncy Castle,MIT License,
lib/portal/boilerpipe.jar,1.1.0,Boilerpipe,Apache License 2.0,Removed org.cyberneko.* because it conflicts with nekohtml.jar.
lib/portal/bsf.jar,2.4.0,Bean Scripting Framework,Apache License 2.0,
lib/portal/c3p0.jar,0.9.5.3,C3P0,LGPL 2.1,
lib/portal/ccpp-ri.jar,1.0,CC/PP Processing,Sun Binary Code License Agreement,
lib/portal/ccpp.jar,1.0,CC/PP Processing,Sun Binary Code License Agreement,
lib/portal/cglib-nodep.jar,2.2,Code Generation Library,Apache License 2.0,
lib/portal/chardet.jar,1.1,Mozilla Charset Detectors,MPL 1.1,This was recompiled for compatibility with JDK 5.
lib/portal/chemistry-opencmis-client-api.jar,0.13.0,OpenCMIS,Apache License 2.0,
lib/portal/chemistry-opencmis-client-bindings.jar,0.13.0,OpenCMIS,Apache License 2.0,
lib/portal/chemistry-opencmis-client-impl.jar,0.13.0,OpenCMIS,Apache License 2.0,This includes a public patch from CMIS-527.
lib/portal/chemistry-opencmis-commons-api.jar,0.13.0,OpenCMIS,Apache License 2.0,
lib/portal/chemistry-opencmis-commons-impl.jar,0.13.0,OpenCMIS,Apache License 2.0,
lib/portal/closure-compiler.jar,v20131014,Closure Compiler,Apache License 2.0,Removed META-INF/beans.xml to prevent CDI autowiring.
lib/portal/commons-beanutils.jar,1.9.2,Commons Beanutils,Apache License 2.0,
lib/portal/commons-chain.jar,1.2,Commons Chain,Apache License 2.0,
lib/portal/commons-codec.jar,1.9,Commons Codec,Apache License 2.0,
lib/portal/commons-collections.jar,3.2.2,Commons Collections,Apache License 2.0,
lib/portal/commons-collections4.jar,4.2,Apache Commons Collections,Apache License 2.0,
lib/portal/commons-compress.jar,1.18,Commons Compress,Apache License 2.0,
lib/portal/commons-configuration.jar,1.10,Commons Configuration,Apache License 2.0,
lib/portal/commons-dbcp.jar,1.2.2,Commons DBCP,Apache License 2.0,
lib/portal/commons-digester.jar,1.8.1,Commons Digester,Apache License 2.0,
lib/portal/commons-discovery.jar,0.4.0,Commons Discovery.jar,Apache License 2.0,
lib/portal/commons-exec.jar,1.3,Commons Exec,Apache License 2.0,
lib/portal/commons-fileupload.jar,1.3.2,Commons FileUpload,Apache License 2.0,
lib/portal/commons-httpclient.jar,3.1.0,Commons HttpClient,Apache License 2.0,
lib/portal/commons-io.jar,2.2.0,Commons IO,Apache License 2.0,
lib/portal/commons-lang.jar,2.6.0,Commons Lang,Apache License 2.0,
lib/portal/commons-logging.jar,1.2.0,Commons Logging,Apache License 2.0,
lib/portal/commons-math.jar,2.0.0,Commons Math,Apache License 2.0,
lib/portal/commons-math3.jar,3.6.1,Commons Math,Apache License 2.0,
lib/portal/commons-pool.jar,1.5.4,Commons Pool,Apache License 2.0,
lib/portal/commons-validator.jar,1.5.0,Commons Validator,Apache License 2.0,
lib/portal/concurrent.jar,1.3.4,Concurrent,Public Domain,
lib/portal/crypt.jar,,Manticore UFC Crypt,LGPL 2.1,
lib/portal/daisydiff.jar,1.2,DaisyDiff,Apache License 2.0,"This was recompiled for compatibility with JDK 5. Removed org.apache.*, org.cyberneko.*, and org.w3c.* because it conflicts with nekohtml.jar and xercesImpl.jar."
lib/portal/displaytag.jar,1.2,Display Tag Library,Artistic License,
lib/portal/dom4j.jar,1.6.1,dom4j,BSD Style License,
lib/portal/easyconf.jar,0.9.5,EasyConf,Apache License 2.0,
lib/portal/eclipse-core-runtime.jar,20070801,Eclipse Core Runtime,Eclipse Public License 1.0,
lib/portal/ecs.jar,1.4.2,Element Construction Set,Apache License 2.0,
lib/portal/fontbox.jar,2.0.13,PDFBox,Apache License 2.0,
lib/portal/freshcookies-security.jar,0.54,Freshcookies,Apache License 2.0,
lib/portal/gif89.jar,,Gif89Encoder,GIF89 Public Domain,
lib/portal/hessian.jar,4.0.3,Hessian,Apache License 1.1,
lib/portal/hibernate-commons-annotations.jar,3.2.0,Hibernate,LGPL 2.1,
lib/portal/hibernate-core.jar,3.6.10.LIFERAY-PATCHED-3,Hibernate,LGPL 2.1,This includes a public patch from HHH-6286.
lib/portal/hikaricp.jar,2.4.2,HikariCP,Apache License 2.0,
lib/portal/htmlparser.jar,1.6,HTML Parser,Common Public License 1.0,
lib/portal/httpclient.jar,4.5,HttpComponents,Apache License 2.0,
lib/portal/httpcore.jar,4.5,HttpComponents,Apache License 2.0,
lib/portal/httpmime.jar,4.5,HttpComponents,Apache License 2.0,
lib/portal/ical4j.jar,1.0,iCal4j,BSD Style License,
lib/portal/im4java.jar,1.2.0,im4java,LGPL 2.1,
lib/portal/isoparser.jar,1.1.18,ISO Parser,Apache License 2.0,
lib/portal/jabsorb.jar,1.3.2.LIFERAY-PATCHED-1,jabsorb,Apache License 2.0,Removed org.json.* because it json-java.jar. See LPS-78517.
lib/portal/jackson-annotations.jar,2.9.0,Jackson Annotations,"The Apache Software License, Version 2.0",
lib/portal/jackson-core.jar,2.9.8,Jackson Core,"The Apache Software License, Version 2.0",
lib/portal/jackson-databind.jar,2.9.8,Jackson Databind,"The Apache Software License, Version 2.0",
lib/portal/jai_codec.jar,1.1.3,Java Advanced Imaging,BSD Style License,
lib/portal/jai_core.jar,1.1.3,Java Advanced Imaging,BSD Style License,
lib/portal/jakarta-regexp.jar,1.5,Jakarta Regexp,Apache License 2.0,
lib/portal/java-diff.jar,1.0.5,Java Diff,BSD Style License,
lib/portal/java-libpst.jar,0.8.1,java-libpst,Apache License 2.0,
lib/portal/javassist.jar,3.18.2,Javassist,LGPL 2.1,
lib/portal/jaxb-api.jar,2.3.0,JAXB-API,CDDL 1.1,
lib/portal/jaxb-impl.jar,2.1.11,Java Architecture for XML Binding,CDDL 1.0,
lib/portal/jaxen.jar,1.1.1,Jaxen,Jaxen License,
lib/portal/jaxrpc.jar,1.1,Java API for XML-based RPC,CDDL 1.0,
lib/portal/jaxrs-api.jar,2.1,Java API for RESTful Web Services,CDDL 1.1,
lib/portal/jaxws-rt.jar,2.1.7,Java API for XML Web Services,CDDL 1.1,
lib/portal/jazzy.jar,0.5,Jazzy,LGPL 2.1,
lib/portal/jcifs.jar,1.3.14,jCIFS,LGPL 2.1,
lib/portal/jcl-over-slf4j.jar,1.7.2,SLF4J,MIT License,
lib/portal/jcommon.jar,1.0.16,JCommon,LGPL 2.1,
lib/portal/jdom.jar,1.1.1,JDOM,BSD Style License,
lib/portal/jempbox.jar,1.8.16,PDFBox,Apache License 2.0,
lib/portal/jena.jar,1.4,Jena,BSD Style License,
lib/portal/jericho-html.jar,3.1,Jericho HTML Parser,LGPL 2.1,
lib/portal/jersey-common.jar,2.26,Jersey core common packages,CDDL 1.1,
lib/portal/jfreechart.jar,1.0.13,JFreeChart,LGPL 2.1,
lib/portal/jhighlight.jar,1.0,JHighlight,CDDL 1.0,
lib/portal/jhlabs-filters.jar,,JH Labs Java Image Filters,Apache License 2.0,This JAR was bundled with SimpleCaptcha and originally named imaging.jar.
lib/portal/jmatio.jar,1.0,JMatIO,BSD Style License,
lib/portal/jna.jar,4.1.0,Java Native Access,LGPL 2.1,
lib/portal/jodconverter.jar,2.2.2,JODConverter,LGPL 2.1,
lib/portal/jodd-bean.jar,3.6.4,Jodd BeanUtil,BSD Style License,
lib/portal/jodd-core.jar,3.6.4,Jodd Core,BSD Style License,
lib/portal/jodd-http.jar,3.6.4,Jodd HTTP Client,BSD Style License,
lib/portal/jodd-json.jar,3.6.4,Jodd JSON,BSD Style License,
lib/portal/jodd-proxetta.jar,3.6.4,Jodd Proxetta,BSD Style License,
lib/portal/jodd-servlet.jar,3.6.4,Jodd Servlet,BSD Style License,
lib/portal/jodd-upload.jar,3.6.4,Jodd Upload,BSD Style License,
lib/portal/jrcs-diff.jar,0.3.0,JRCS diff utilities,Apache License 1.1,
lib/portal/json-java.jar,c7d2d9161321e9,JSON in Java,JSON License,"See the Ant target ""build-json-java-jar"" in portal-impl/build.xml."
lib/portal/jsr107cache.jar,1.0,JSR 107,Apache License 2.0,
lib/portal/jstl-api.jar,1.2,JSTL,CDDL 1.1,
lib/portal/jstl-impl.jar,1.2,JSTL,CDDL 1.1,
lib/portal/juh.jar,2.3.0,OpenOffice.org Java Uno,LGPL 2.1,
lib/portal/juniversalchardet.jar,1.0.3,Universal Character Detection,MPL 1.1,
lib/portal/jurt.jar,2.3.0,OpenOffice.org Java Uno,LGPL 2.1,
lib/portal/jws-api.jar,1.1,Java EE Web Services Metadata API,CDDL 1.1,
lib/portal/kxml2.jar,2.3.0,kXML 2,BSD Style License,See LPS-24702.
lib/portal/liferay-icu4j.jar,54.1.1.LIFERAY-PATCHED-1,ICU4J,ICU License,"See LPS-1907, LPS-36663, LPS-54422, and modules/third-party/com-ibm-icu/build.xml."
lib/portal/log4j-extras.jar,1.2.17,Log4j Extras,Apache License 2.0,
lib/portal/log4j.jar,1.2.17,Log4j,Apache License 2.0,
lib/portal/mchange-commons-java.jar,0.2.15,C3P0,LGPL 2.1,
lib/portal/metadata-extractor.jar,2.8.0,Metadata Extractor,Apache License 2.0,
lib/portal/mime4j-core.jar,0.7.2,Mime4j,Apache License 2.0,
lib/portal/mime4j-dom.jar,0.7.2,Mime4j,Apache License 2.0,
lib/portal/mimepull.jar,1.3,MIME pull,CDDL 1.1,
lib/portal/monte-cc.jar,0.7.7,Monte Media Library,LGPL 3.0,
lib/portal/nekohtml.jar,1.9.14,CyberNeko HTML Parser,Apache License 2.0,
lib/portal/netcdf.jar,4.3.23,NetCDF,Netcdf License,
lib/portal/netty-all.jar,4.1.32.Final,Netty,Apache License 2.0,
lib/portal/odmg.jar,3.0,ODMG - Object Data Management Group Java Bindings,Apache License 2.0,
lib/portal/oro.jar,2.0.8,ORO,Apache License 1.1,
lib/portal/pdfbox.jar,2.0.13,PDFBox,Apache License 2.0,
lib/portal/poi-ooxml-schemas.jar,3.11,POI,Apache License 2.0,
lib/portal/poi-ooxml.jar,3.11,POI,Apache License 2.0,
lib/portal/poi-scratchpad.jar,3.11,POI,Apache License 2.0,
lib/portal/poi.jar,3.11,POI,Apache License 2.0,
lib/portal/rdffilter.jar,1.0,RDF Filter,Public Domain,
lib/portal/rhino.jar,1.7R4,Mozilla Rhino,MPL 2.0,
lib/portal/ridl.jar,2.3.0,OpenOffice.org Java Uno,LGPL 2.1,
lib/portal/rmi-api.jar,1.0.5.Final,The javax.rmi and javax.rmi.CORBA classes,LGPL 2.1,
lib/portal/rome.jar,1.0,ROME,Apache License 2.0,See LPS-25084.
lib/portal/rometools.jar,1.5.1,Rome Tools,Apache License 2.0,
lib/portal/saaj-api.jar,1.3,SAAJ,CDDL 1.0,
lib/portal/saaj-impl.jar,1.3,SAAJ,CDDL 1.0,
lib/portal/scribe.jar,1.0.8,Scribe,MIT License,This was recompiled for compatibility with JDK 5.
lib/portal/serializer.jar,2.7.2,Xalan-Java,Apache License 2.0,
lib/portal/simplecaptcha.jar,1.1.1,SimpleCaptcha,Apache License 2.0,
lib/portal/slf4j-api.jar,1.7.2,SLF4J,MIT License,
lib/portal/soap-api.jar,1.4.0,SAAJ API,,
lib/portal/soap.jar,2.2,Apache Simple Object Access Protocol,Apache License 1.1,
lib/portal/spring-aop.jar,4.3.22,Spring,Apache License 2.0,This does not include missing OSGi headers. See LPS-49575.
lib/portal/spring-aspects.jar,4.3.22,Spring,Apache License 2.0,This does not include missing OSGi headers. See LPS-49575.
lib/portal/spring-beans.jar,4.3.22,Spring,Apache License 2.0,This includes missing OSGi headers.
lib/portal/spring-context-support.jar,4.3.22,Spring,Apache License 2.0,This does not include missing OSGi headers. See LPS-49575.
lib/portal/spring-context.jar,4.3.22,Spring,Apache License 2.0,This does not include missing OSGi headers. See LPS-49575.
lib/portal/spring-core.jar,4.3.22,Spring,Apache License 2.0,This does not include missing OSGi headers. See LPS-49575.
lib/portal/spring-expression.jar,4.3.22,Spring,Apache License 2.0,This does not include missing OSGi headers. See LPS-49575.
lib/portal/spring-jdbc.jar,4.3.22,Spring,Apache License 2.0,This does not include missing OSGi headers. See LPS-49575.
lib/portal/spring-jms.jar,4.3.22,Spring,Apache License 2.0,This does not include missing OSGi headers. See LPS-49575.
lib/portal/spring-orm.jar,4.3.22,Spring,Apache License 2.0,This does not include missing OSGi headers. See LPS-49575.
lib/portal/spring-oxm.jar,4.3.22,Spring,Apache License 2.0,This does not include missing OSGi headers. See LPS-49575.
lib/portal/spring-tx.jar,4.3.22,Spring,Apache License 2.0,This does not include missing OSGi headers. See LPS-49575.
lib/portal/spring-web.jar,4.3.22,Spring,Apache License 2.0,This does not include missing OSGi headers. See LPS-49575.
lib/portal/spring-webmvc-portlet.jar,4.3.22,Spring,Apache License 2.0,This does not include missing OSGi headers. See LPS-49575.
lib/portal/spring-webmvc.jar,4.3.22,Spring,Apache License 2.0,This does not include missing OSGi headers. See LPS-49575.
lib/portal/stax-ex.jar,1.2,StAX-Ex,CDDL 1.1,
lib/portal/stax.jar,1.0.1,JSR 173 Streaming API for XML,Apache License 2.0,
lib/portal/streambuffer.jar,0.9,XML Stream Buffer,CDDL 1.0,
lib/portal/stringtemplate.jar,3.0,StringTemplate,BSD Style License,
lib/portal/struts-core.jar,1.3.10,Struts,Apache License 2.0,
lib/portal/tagsoup.jar,1.2.1,TagSoup,Apache License 2.0,
lib/portal/tika-core.jar,1.20,Tika,Apache License 2.0,
lib/portal/tika-parsers.jar,1.20,Tika,Apache License 2.0,
lib/portal/tomcat-jdbc.jar,9.0.17,Tomcat,Apache License 2.0,
lib/portal/tomcat-juli.jar,9.0.17,Tomcat,Apache License 2.0,
lib/portal/transaction.jar,1.3,Project GlassFish Java Transaction API,,
lib/portal/truezip.jar,6.7 RC1,TrueZIP,Apache License 2.0,
lib/portal/unoil.jar,2.3.0,OpenOffice.org Java Uno,LGPL 2.1,
lib/portal/urlrewritefilter.jar,4.0.3,URL Rewrite Filter,BSD Style License,
lib/portal/vorbis-java-core.jar,0.6,Vorbis,BSD Style License,
lib/portal/vorbis-java-tika.jar,0.6,Vorbis,BSD Style License,
lib/portal/wsdl4j.jar,1.6,WSDL4J,Common Public License 1.0,
lib/portal/wstx.jar,3.2.4,Woodstox,Apache License 2.0,
lib/portal/xalan.jar,2.7.2,Xalan,Apache License 2.0,
lib/portal/xbean-spring.jar,2.8,XBean,Apache License 2.0,
lib/portal/xbean.jar,3.0.2,XMLBeans,Apache License 2.0,
lib/portal/xercesImpl.jar,2.11.0,Xerces,Apache License 2.0,
lib/portal/xml-apis.jar,1.4.01,xml-commons,Apache License 2.0,
lib/portal/xmlsec.jar,1.5.8,XML Security,Apache License 2.0,
lib/portal/xmpcore.jar,5.1.2,Extensible Metadata Platform,BSD Style License,
lib/portal/xpp3.jar,1.1.4c,XPP3,Indiana University Extreme! Lab Software License 1.1.1,
lib/portal/xstream.jar,1.4.7,XStream,BSD Style License,
lib/portal/xuggle-xuggler-noarch.jar,5.4,Xuggler,LGPL 3.0,
lib/portal/xz.jar,1.5,XZ,Public Domain,
lib/portal/yui-compressor.jar,2.4.7,Yui Compressor,BSD Style License,
powwow-portlet.war!jericho-html.jar,3.1,Jericho HTML Parser,GNU Lesser General Public License (LGPL),
definitions/datatypes.dtd,1.2,W3C XML Schema,W3C,
definitions/facelet-taglib_1_0.dtd,1.0,Facelet Taglib,CDDL-1.1,
definitions/hibernate-mapping-3.0.dtd,4.0.0,Hibernate ORM,LGPL-2.1+,
definitions/j2ee_1_4.xsd,7.0.0,tomcat,Apache-2.0,
definitions/javaee_5.xsd,4.0,GlassFish,GPL-2.0-with-classpath-exception,
definitions/maven-v4_0_0.xsd,2.0,Apache Maven,Apache-2.0,
definitions/mule-configuration.dtd,1.x,Mule,CPAL-1.0,
definitions/spring-beans.dtd,3.0.0,Spring Framework,Apache-2.0,
definitions/struts-config_1_2.dtd,2.5.16,Apache Struts,Apache-2.0,
gradle/wrapper/gradle-wrapper.jar,3.3,gradle,Apache-2.0,
lib/development/ant-contrib.jar,1.0b3,Ant-Contrib,Apache-2.0,
modules/apps/collaboration/announcements/announcements-web/src/main/resources/META-INF/resources/icons/announcements.png,1.3,Silk icon set,CC-BY-2.5,
modules/apps/collaboration/microblogs/microblogs-web/src/main/resources/META-INF/resources/microblogs/icons/microblogs.png,ElemataRC3.0,elematacms,CC-BY-4.0,
modules/apps/foundation/frontend-editor/frontend-editor-ckeditor-web/src/main/resources/META-INF/resources/_diffs/plugins/itemselector/assets/image.png,4.6.0,CKEditor,MPL-1.1,
modules/apps/foundation/frontend-editor/frontend-editor-tinymce-web/src/main/resources/META-INF/resources/_diffs/langs/ar.js,4.3.12,TinyMCE,LGPL-2.1,
modules/apps/foundation/frontend-js/frontend-js-node-shims/src/main/resources/META-INF/resources/node_modules/liferay-node-constants@1.0.0/index.js,1.0.0,constants-browserify,MIT,
modules/apps/foundation/frontend-theme/frontend-theme-unstyled/src/main/resources/META-INF/resources/_unstyled/images/api/method.png,3.5.6,Fugue Icons,CC-BY-3.0,
modules/apps/foundation/frontend-theme/frontend-theme-unstyled/src/main/resources/META-INF/resources/_unstyled/images/common/configuration.png,2.6.1,redmine,GPL-2.0,
modules/apps/foundation/frontend-theme/frontend-theme-unstyled/src/main/resources/META-INF/resources/_unstyled/images/common/conversation.png,3.2.1,openmeetings,Apache-2.0,
modules/apps/foundation/frontend-theme/frontend-theme-unstyled/src/main/resources/META-INF/resources/_unstyled/images/common/openid.gif,4.0.3,spring_security,Apache-2.0,
modules/apps/foundation/frontend-theme/frontend-theme-unstyled/src/main/resources/META-INF/resources/_unstyled/images/common/trash.png,2.2.5,revolution,GPL-2.0+,
modules/apps/foundation/frontend-theme/frontend-theme-unstyled/src/main/resources/META-INF/resources/_unstyled/images/diff/minus.png,7.3,nuxeo,Apache-2.0,
modules/apps/foundation/frontend-theme/frontend-theme-unstyled/src/main/resources/META-INF/resources/_unstyled/images/diff/underline.png,1.23.9,mediawiki,GPL-2.0+,
modules/apps/foundation/frontend-theme/frontend-theme-unstyled/src/main/resources/META-INF/resources/_unstyled/images/message_boards/bold.png,3.4,xwiki_enterprise,LGPL-2.1+,
modules/apps/foundation/frontend-theme/frontend-theme-unstyled/src/main/resources/META-INF/resources/_unstyled/images/wiki/external.png,5.1.0,groupware,GPL-2.0,
modules/apps/frontend-theme-1975-london/frontend-theme-1975-london/src/fonts/Oswald-Light.otf,4.0,Oswald font,OFL-1.1,
modules/apps/frontend-theme-porygon/frontend-theme-porygon/src/fonts/opensans-bold-webfont.eot,N/A,Open Sans,Apache-2.0,
modules/apps/marketplace/marketplace-app-manager-web/src/main/resources/META-INF/resources/icons/marketplace_app_manager.png,Notepad-X-2.0.6,notepad-x,GPL-3.0,
modules/apps/static/portal-osgi-web/portal-osgi-web-servlet-jsp-compiler/src/main/resources/javax/servlet/jsp/resources/jsp_2_0.xsd,9.0,Apache Tomcat,Apache-2.0,
modules/sdk/ant-bnd/src/main/java/com/liferay/ant/bnd/BaselineProcessor.java,2.4.1,bnd,Apache-2.0,
modules/sdk/gradle-plugins-jsdoc/src/gradleTest/smoke/src/main/resources/META-INF/resources/point/point.es.js,master,es6demos,MIT,
modules/sdk/project-templates/project-templates-npm-angular-portlet/src/main/resources/archetype-resources/src/main/resources/META-INF/resources/js/app/app.module.ts,4.2.2,angular,MIT,
modules/sdk/project-templates/project-templates/src/main/resources/maven-wrapper/.mvn/wrapper/maven-wrapper.jar,0.2.1,Maven Wrapper,Apache-2.0,
modules/third-party/com-ctc-wstx/src/main/java/com/ctc/wstx/sw/BufferingXmlWriter.java,3.2.4,Woodstox,Apache-2.0,
modules/third-party/com-google-ical/src/main/java/com/google/ical/compat/javautil/DateIterable.java,N/A,google-rfc-2445,Apache-2.0,
modules/third-party/com-h3xstream-findsecbugs/src/main/java/com/h3xstream/findsecbugs/taintanalysis/TaintClassConfig.java,1.6.0,Find Security Bugs,LGPL-3.0+,
modules/third-party/com-microsoft-schemas-sharepoint/wsdl/copy.wsdl,N/A,Microsoft SharePoint SOAP,Public-Domain,
modules/third-party/com-sforce-soap-partner/wsdl/com-sforce-soap-partner.wsdl,N/A,Salesforce SOAP API,Public-Domain,
modules/third-party/com-sun-syndication/src/main/java/com/sun/syndication/io/impl/PluginManager.java,1.0,Rometools Rome,Apache-2.0,
modules/third-party/com-webex-schemas/xsd/2002/06/common/common.xsd,2.5.0,XMLBeans,Apache-2.0,
modules/third-party/javax-servlet-jsp/src/main/java/org/apache/jasper/compiler/Jsr199JavaCompiler.java,7.0.0,Apache Tomcat,Apache-2.0,
modules/third-party/javax-servlet-jsp/src/main/java/org/apache/jasper/JspCompilationContext.java,b03,javax.servlet.jsp-2.3.3-b03-sources.jar,N_A,
modules/third-party/jenkins-core/src/main/java/hudson/tasks/junit/JUnitResultArchiver.java,1.565.1,Jenkins,MIT,
modules/third-party/net-sf-jpathwatch/src/main/java/name/pachler/nio/file/impl/BSDPathWatchService.java,0.95,jpathwatch,GPL-2.0-with-classpath-exception,
modules/third-party/org-apache-axis/src/main/java/org/apache/axis/AxisEngine.java,1.4,Apache Axis,Apache-2.0,
modules/third-party/org-apache-commons-fileupload/src/main/java/org/apache/commons/fileupload/FileUploadBase.java,1.2.2,Apache Commons FileUpload,Apache-2.0,
modules/third-party/org-apache-felix-bundlerepository/src/main/java/org/apache/felix/bundlerepository/impl/LocalRepositoryImpl.java,2.0.2,Apache Felix Bundle Repository,Apache-2.0,
modules/third-party/org-apache-felix-fileinstall/src/main/java/org/apache/felix/fileinstall/internal/DirectoryWatcher.java,3.5.4,Apache Felix FileInstall,Apache-2.0,
modules/third-party/org-apache-ivy/src/main/java/org/apache/ivy/util/PropertiesFile.java,2.4.0,Apache Ivy,Apache-2.0,
modules/third-party/org-apache-velocity/src/main/java/org/apache/velocity/runtime/parser/node/ASTText.java,1.6.4,Apache Velocity,Apache-2.0,
modules/third-party/org-drools-core/src/main/java/org/drools/base/ClassFieldAccessorCache.java,5.4.0,Drools,Apache-2.0,
modules/third-party/org-elasticsearch/src/main/java/org/elasticsearch/bootstrap/JarHell.java,2.4.0,Elasticsearch,Apache-2.0,
modules/third-party/org-freemarker/src/main/java/freemarker/core/TextBlock.java,2.3.23,Apache FreeMarker,Apache-2.0,
modules/third-party/org-hibernate-core/src/main/java/org/hibernate/engine/jdbc/ClobProxy.java,3.6.9,Hibernate ORM,LGPL-2.1+,
modules/util/sass-compiler-jni/src/test/resources/com/liferay/sass/compiler/jni/internal/dependencies/sass-spec/04_basic_variables/expected_output.css,v2.1.1,modularscale-sass,MIT,
modules/util/sass-compiler-jni/src/test/resources/com/liferay/sass/compiler/jni/internal/dependencies/sass-spec/15_arithmetic_and_lists/expected_output.css,,CSS-Sass-3.4.6.tar.gz,MIT,
portal-web/docroot/WEB-INF/tld/fmt.tld,1.1,JSLT API,GPL-2.0-with-classpath-exception,
tools/ant-jshint-2.0.5.jar,2.0.5,ant-jshint,MIT,
tools/putty/plink.exe,0.60,PuTTY,MIT,
tools/yuicompressor-2.4.7.jar,2.4.7,YUI Compressor,BSD-3-Clause,